{"stats":{"minecraft:killed_by":{"minecraft:iron_golem":1,"guardvillagers:guard":1},"minecraft:dropped":{"survive:filled_canteen":2,"biomesoplenty:pink_daffodil":1},"minecraft:mined":{"minecraft:coarse_dirt":1,"biomesoplenty:pink_daffodil":3,"minecraft:grass":5,"biomesoplenty:high_grass":1,"minecraft:dirt":1,"biomesoplenty:high_grass_plant":5,"minecraft:wall_torch":1},"minecraft:used":{"minecraft:apple":1,"biomesoplenty:pink_daffodil":1,"minecraft:bread":1,"minecraft:torch":1,"minecraft:dirt":1,"iceandfire:copper_sword":17,"minecraft:crossbow":3,"minecraft:coarse_dirt":1},"minecraft:custom":{"minecraft:time_since_rest":3358,"minecraft:waystone_activated":1,"minecraft:interact_with_furnace":1,"minecraft:sprint_one_cm":166121,"minecraft:damage_taken":739,"minecraft:walk_one_cm":60480,"minecraft:drop":3,"minecraft:damage_dealt":549,"minecraft:interact_with_crafting_table":3,"minecraft:fly_one_cm":136144,"minecraft:open_chest":4,"minecraft:crouch_one_cm":1070,"minecraft:play_time":41433,"minecraft:deaths":2,"minecraft:sneak_time":233,"minecraft:walk_under_water_one_cm":358,"minecraft:jump":592,"minecraft:damage_dealt_resisted":0,"minecraft:interact_with_brewingstand":1,"minecraft:leave_game":2,"minecraft:time_since_death":3330,"minecraft:walk_on_water_one_cm":225,"minecraft:total_world_time":41433,"minecraft:climb_one_cm":339,"minecraft:fall_one_cm":14811},"minecraft:picked_up":{"minecraft:coarse_dirt":1,"minecraft:torch":1,"survive:filled_canteen":2,"minecraft:dirt":1,"biomesoplenty:pink_daffodil":3}},"DataVersion":3465}