{"stats":{"minecraft:dropped":{"survive:filled_canteen":2,"biomesoplenty:pink_daffodil":1},"minecraft:mined":{"minecraft:grass":2,"biomesoplenty:high_grass":1,"minecraft:coarse_dirt":1,"minecraft:dirt":1,"biomesoplenty:high_grass_plant":3,"biomesoplenty:pink_daffodil":3,"minecraft:wall_torch":1},"minecraft:used":{"minecraft:torch":1,"minecraft:dirt":1,"biomesoplenty:pink_daffodil":1,"iceandfire:copper_sword":17,"minecraft:bread":1,"minecraft:coarse_dirt":1},"minecraft:custom":{"minecraft:time_since_rest":33608,"minecraft:open_chest":2,"minecraft:crouch_one_cm":1070,"minecraft:play_time":33608,"minecraft:sprint_one_cm":133837,"minecraft:damage_taken":149,"minecraft:walk_one_cm":37883,"minecraft:sneak_time":229,"minecraft:walk_under_water_one_cm":358,"minecraft:drop":3,"minecraft:damage_dealt_resisted":0,"minecraft:jump":428,"minecraft:interact_with_brewingstand":1,"minecraft:damage_dealt":549,"minecraft:leave_game":1,"minecraft:walk_on_water_one_cm":225,"minecraft:time_since_death":33608,"minecraft:total_world_time":33608,"minecraft:fall_one_cm":10719,"minecraft:fly_one_cm":102605},"minecraft:picked_up":{"minecraft:coarse_dirt":1,"survive:filled_canteen":2,"minecraft:torch":1,"biomesoplenty:pink_daffodil":3,"minecraft:dirt":1}},"DataVersion":3465}