{"stats":{"minecraft:broken":{"minecraft:wooden_sword":1},"minecraft:custom":{"minecraft:time_since_rest":7146,"minecraft:sprint_one_cm":144196,"minecraft:damage_taken":1650,"minecraft:walk_one_cm":48701,"minecraft:mob_kills":37,"minecraft:drop":38,"minecraft:damage_dealt":3785,"minecraft:interact_with_crafting_table":2,"minecraft:fly_one_cm":259754,"minecraft:play_time":34943,"minecraft:deaths":6,"minecraft:jump":1151,"minecraft:leave_game":1,"minecraft:time_since_death":8605,"minecraft:walk_on_water_one_cm":1361,"minecraft:sleep_in_bed":3,"minecraft:total_world_time":34943,"minecraft:climb_one_cm":731,"minecraft:fall_one_cm":38662},"minecraft:crafted":{"minecraft:wooden_sword":1,"minecraft:oak_planks":24,"minecraft:crafting_table":2,"minecraft:stick":4,"minecraft:white_bed":1},"minecraft:mined":{"minecraft:white_bed":4,"minecraft:fire":3,"minecraft:dandelion":1,"minecraft:grass":52,"minecraft:grass_block":2,"minecraft:oak_log":6,"minecraft:tall_grass":15,"minecraft:white_wool":1,"minecraft:oak_leaves":1},"minecraft:killed":{"minecraft:sheep":13,"minecraft:donkey":2,"minecraft:zombie":1,"minecraft:pig":13,"minecraft:chicken":2,"minecraft:cow":5},"minecraft:used":{"minecraft:oak_planks":1,"minecraft:rotten_flesh":2,"minecraft:white_wool":6,"minecraft:wooden_sword":78,"minecraft:dirt":2,"minecraft:mutton":9,"minecraft:beef":3,"minecraft:crafting_table":2,"minecraft:porkchop":4,"minecraft:cooked_porkchop":1,"minecraft:white_bed":5,"minecraft:egg":5},"minecraft:dropped":{"minecraft:gray_wool":1,"minecraft:porkchop":19,"minecraft:wheat_seeds":9,"minecraft:rotten_flesh":1,"minecraft:light_gray_wool":1,"minecraft:white_wool":6,"minecraft:dandelion":1},"minecraft:picked_up":{"minecraft:chicken":2,"minecraft:cooked_porkchop":1,"minecraft:leather":5,"minecraft:dandelion":1,"minecraft:porkchop":42,"minecraft:oak_log":6,"minecraft:white_bed":4,"minecraft:dirt":2,"minecraft:rotten_flesh":3,"minecraft:wheat_seeds":9,"minecraft:beef":9,"minecraft:gray_wool":1,"minecraft:light_gray_wool":1,"minecraft:mutton":19,"minecraft:white_wool":17,"minecraft:egg":5}},"DataVersion":3465}