{"stats":{"minecraft:picked_up":{"minecraft:wheat":26,"minecraft:coarse_dirt":1,"minecraft:feather":1,"survive:filled_canteen":2,"minecraft:torch":1,"minecraft:shield":1,"minecraft:dirt":2,"minecraft:wheat_seeds":43,"guardvillagers:guard_spawn_egg":1,"biomesoplenty:pink_daffodil":3,"minecraft:oak_planks":7,"minecraft:iron_sword":1,"epicsamurai:spirit_flame":7},"minecraft:used":{"minecraft:apple":2,"biomesoplenty:pink_daffodil":1,"minecraft:iron_axe":17,"minecraft:bread":4,"minecraft:oak_planks":13,"minecraft:white_wool":1,"minecraft:torch":1,"minecraft:dirt":1,"epicsamurai:kitsune_spawn_egg":4,"iceandfire:copper_sword":17,"guardvillagers:guard_spawn_egg":5,"minecraft:crossbow":3,"minecraft:coarse_dirt":1,"minecraft:potato":2},"minecraft:mined":{"minecraft:coarse_dirt":1,"minecraft:glass_pane":1,"biomesoplenty:pink_daffodil":3,"minecraft:grass":5,"biomesoplenty:high_grass":1,"minecraft:dirt":2,"biomesoplenty:high_grass_plant":5,"minecraft:oak_planks":7,"minecraft:wall_torch":1},"minecraft:broken":{"immersive_armors:wooden_helmet":1},"minecraft:killed":{"guardvillagers:guard":1,"epicsamurai:onibi":3},"minecraft:killed_by":{"minecraft:iron_golem":1,"guardvillagers:guard":5,"epicsamurai:kitsune":1},"minecraft:custom":{"minecraft:time_since_rest":17265,"minecraft:waystone_activated":1,"minecraft:interact_with_furnace":3,"minecraft:sprint_one_cm":302500,"minecraft:damage_absorbed":250,"minecraft:damage_taken":2719,"minecraft:walk_one_cm":158332,"minecraft:mob_kills":6,"minecraft:drop":12,"minecraft:damage_dealt":1478,"minecraft:interact_with_crafting_table":5,"minecraft:fly_one_cm":577047,"minecraft:open_chest":11,"minecraft:crouch_one_cm":1628,"minecraft:play_time":134838,"minecraft:deaths":8,"minecraft:sneak_time":627,"minecraft:walk_under_water_one_cm":468,"minecraft:jump":1629,"minecraft:damage_dealt_resisted":0,"minecraft:interact_with_brewingstand":2,"minecraft:leave_game":5,"minecraft:time_since_death":17235,"minecraft:walk_on_water_one_cm":339,"minecraft:damage_resisted":0,"minecraft:total_world_time":134838,"minecraft:climb_one_cm":2006,"minecraft:fall_one_cm":43156},"minecraft:crafted":{"minecraft:oak_planks":32},"minecraft:dropped":{"minecraft:bread":59,"survive:filled_canteen":2,"biomesoplenty:pink_daffodil":2,"minecraft:wheat_seeds":1,"relics:hunter_belt":1,"guardvillagers:guard_spawn_egg":1,"minecraft:feather":1,"minecraft:oak_planks":26,"eidolon:spawn_zombie_brute":1,"minecraft:white_wool":1}},"DataVersion":3465}