{"stats":{"minecraft:broken":{"minecraft:wooden_sword":1},"minecraft:custom":{"minecraft:time_since_rest":6061,"minecraft:sprint_one_cm":198833,"minecraft:damage_taken":1650,"minecraft:walk_one_cm":59444,"minecraft:mob_kills":44,"minecraft:drop":44,"minecraft:damage_dealt":4535,"minecraft:interact_with_crafting_table":2,"minecraft:fly_one_cm":447930,"minecraft:play_time":46943,"minecraft:deaths":6,"minecraft:jump":1860,"minecraft:leave_game":1,"minecraft:time_since_death":20605,"minecraft:walk_on_water_one_cm":1361,"minecraft:sleep_in_bed":4,"minecraft:total_world_time":46943,"minecraft:climb_one_cm":731,"minecraft:fall_one_cm":60132,"minecraft:horse_one_cm":1530},"minecraft:crafted":{"minecraft:wooden_sword":1,"minecraft:oak_planks":24,"minecraft:crafting_table":2,"minecraft:stick":4,"minecraft:white_bed":1},"minecraft:mined":{"minecraft:white_bed":4,"minecraft:fire":3,"minecraft:dandelion":1,"minecraft:grass":67,"minecraft:grass_block":3,"minecraft:oak_log":6,"minecraft:tall_grass":15,"minecraft:white_wool":1,"minecraft:oak_leaves":1},"minecraft:killed":{"minecraft:sheep":15,"minecraft:donkey":2,"minecraft:zombie":1,"minecraft:pig":16,"minecraft:chicken":2,"minecraft:cow":7},"minecraft:used":{"minecraft:black_wool":1,"minecraft:oak_planks":1,"minecraft:rotten_flesh":4,"minecraft:white_wool":7,"minecraft:wooden_sword":78,"minecraft:dirt":19,"minecraft:mutton":9,"minecraft:beef":5,"minecraft:crafting_table":2,"minecraft:porkchop":9,"minecraft:cooked_porkchop":1,"minecraft:white_bed":5,"minecraft:egg":8},"minecraft:dropped":{"minecraft:gray_wool":1,"minecraft:porkchop":19,"minecraft:wheat_seeds":11,"minecraft:rotten_flesh":1,"minecraft:light_gray_wool":1,"minecraft:leather":1,"minecraft:beef":1,"minecraft:white_wool":6,"minecraft:dandelion":1,"minecraft:bone":2},"minecraft:picked_up":{"minecraft:chicken":2,"minecraft:cooked_porkchop":1,"minecraft:leather":6,"minecraft:dandelion":1,"minecraft:porkchop":47,"minecraft:oak_log":6,"minecraft:white_bed":4,"minecraft:dirt":19,"minecraft:bone":2,"minecraft:rotten_flesh":5,"minecraft:wheat_seeds":11,"minecraft:beef":15,"minecraft:gray_wool":1,"minecraft:light_gray_wool":1,"minecraft:black_wool":1,"minecraft:mutton":22,"minecraft:white_wool":18,"minecraft:egg":8}},"DataVersion":3465}