{"stats":{"minecraft:used":{"minecraft:apple":2,"biomesoplenty:pink_daffodil":1,"minecraft:bread":3,"minecraft:torch":1,"minecraft:dirt":1,"iceandfire:copper_sword":17,"minecraft:crossbow":3,"minecraft:coarse_dirt":1},"minecraft:custom":{"minecraft:time_since_rest":19751,"minecraft:waystone_activated":1,"minecraft:interact_with_furnace":3,"minecraft:sprint_one_cm":179357,"minecraft:damage_taken":914,"minecraft:walk_one_cm":74701,"minecraft:drop":3,"minecraft:damage_dealt":549,"minecraft:interact_with_crafting_table":3,"minecraft:fly_one_cm":142051,"minecraft:open_chest":9,"minecraft:crouch_one_cm":1153,"minecraft:play_time":57826,"minecraft:deaths":2,"minecraft:sneak_time":257,"minecraft:walk_under_water_one_cm":358,"minecraft:jump":653,"minecraft:damage_dealt_resisted":0,"minecraft:interact_with_brewingstand":1,"minecraft:leave_game":3,"minecraft:time_since_death":19723,"minecraft:walk_on_water_one_cm":225,"minecraft:climb_one_cm":941,"minecraft:total_world_time":57826,"minecraft:fall_one_cm":16071},"minecraft:killed_by":{"minecraft:iron_golem":1,"guardvillagers:guard":1},"minecraft:mined":{"minecraft:coarse_dirt":1,"biomesoplenty:pink_daffodil":3,"minecraft:grass":5,"biomesoplenty:high_grass":1,"minecraft:dirt":1,"biomesoplenty:high_grass_plant":5,"minecraft:wall_torch":1},"minecraft:picked_up":{"minecraft:coarse_dirt":1,"minecraft:torch":1,"survive:filled_canteen":2,"minecraft:dirt":1,"biomesoplenty:pink_daffodil":3},"minecraft:dropped":{"survive:filled_canteen":2,"biomesoplenty:pink_daffodil":1}},"DataVersion":3465}