{"stats":{"minecraft:custom":{"minecraft:time_since_rest":9545,"minecraft:sprint_one_cm":46380,"minecraft:damage_taken":170,"minecraft:walk_one_cm":16179,"minecraft:mob_kills":24,"minecraft:drop":8,"minecraft:damage_dealt":2275,"minecraft:interact_with_crafting_table":2,"minecraft:fly_one_cm":61347,"minecraft:play_time":12621,"minecraft:jump":362,"minecraft:leave_game":1,"minecraft:time_since_death":12621,"minecraft:walk_on_water_one_cm":181,"minecraft:sleep_in_bed":1,"minecraft:total_world_time":12621,"minecraft:climb_one_cm":72,"minecraft:fall_one_cm":12295},"minecraft:dropped":{"minecraft:gray_wool":1,"minecraft:wheat_seeds":4,"minecraft:rotten_flesh":1,"minecraft:light_gray_wool":1,"minecraft:dandelion":1},"minecraft:crafted":{"minecraft:wooden_sword":1,"minecraft:oak_planks":24,"minecraft:crafting_table":2,"minecraft:stick":4,"minecraft:white_bed":1},"minecraft:mined":{"minecraft:white_bed":1,"minecraft:fire":1,"minecraft:dandelion":1,"minecraft:grass":21,"minecraft:grass_block":2,"minecraft:oak_log":6,"minecraft:tall_grass":5,"minecraft:white_wool":1,"minecraft:oak_leaves":1},"minecraft:used":{"minecraft:oak_planks":1,"minecraft:rotten_flesh":2,"minecraft:white_wool":3,"minecraft:wooden_sword":69,"minecraft:dirt":1,"minecraft:mutton":8,"minecraft:beef":3,"minecraft:crafting_table":2,"minecraft:white_bed":1},"minecraft:picked_up":{"minecraft:chicken":1,"minecraft:cooked_porkchop":1,"minecraft:leather":3,"minecraft:dandelion":1,"minecraft:porkchop":17,"minecraft:oak_log":6,"minecraft:white_bed":1,"minecraft:dirt":2,"minecraft:rotten_flesh":3,"minecraft:wheat_seeds":4,"minecraft:beef":9,"minecraft:gray_wool":1,"minecraft:light_gray_wool":1,"minecraft:mutton":11,"minecraft:white_wool":6},"minecraft:killed":{"minecraft:sheep":7,"minecraft:zombie":1,"minecraft:pig":9,"minecraft:chicken":1,"minecraft:cow":5}},"DataVersion":3465}