{"stats":{"minecraft:picked_up":{"minecraft:coarse_dirt":1,"minecraft:iron_chestplate":1,"minecraft:wheat":26,"minecraft:feather":1,"survive:filled_canteen":2,"minecraft:shield":1,"minecraft:dirt":2,"minecraft:wheat_seeds":43,"minecraft:iron_sword":1,"minecraft:oak_planks":7,"minecraft:torch":1,"ice_and_fire_spellbooks:lightning_dragon_priest_chestplate":1,"eidolon:spawn_zombie_brute":1,"guardvillagers:guard_spawn_egg":1,"biomesoplenty:pink_daffodil":3,"minecraft:cobblestone":4,"epicsamurai:spirit_flame":7},"minecraft:used":{"minecraft:oak_planks":13,"minecraft:white_wool":1,"minecraft:torch":1,"minecraft:dirt":1,"sons_of_sins:betrayed_guzzler_spawn_egg":1,"betterend:diamond_hammer":4,"iceandfire:copper_sword":17,"minecraft:crossbow":3,"minecraft:apple":2,"eidolon:spawn_zombie_brute":1,"biomesoplenty:pink_daffodil":1,"minecraft:iron_axe":17,"minecraft:bread":4,"stalwart_dungeons:diamond_hammer":10,"simplyswords:diamond_greathammer":1,"epicsamurai:kitsune_spawn_egg":5,"guardvillagers:guard_spawn_egg":6,"minecraft:potato":2,"minecraft:coarse_dirt":1},"minecraft:mined":{"minecraft:glass_pane":1,"biomesoplenty:high_grass_plant":5,"minecraft:oak_planks":7,"minecraft:wall_torch":1,"minecraft:coarse_dirt":1,"biomesoplenty:pink_daffodil":3,"minecraft:grass":5,"biomesoplenty:high_grass":1,"minecraft:dirt":2,"minecraft:stone":12},"minecraft:broken":{"immersive_armors:wooden_helmet":1},"minecraft:killed_by":{"minecraft:iron_golem":1,"guardvillagers:guard":5,"epicsamurai:kitsune":1},"minecraft:killed":{"guardvillagers:guard":1,"epicsamurai:onibi":3,"minecraft:villager":1},"minecraft:custom":{"minecraft:interact_with_furnace":3,"minecraft:mob_kills":7,"minecraft:interact_with_crafting_table":5,"minecraft:damage_dealt_resisted":0,"minecraft:leave_game":5,"minecraft:time_since_death":161235,"minecraft:climb_one_cm":2006,"minecraft:damage_resisted":0,"minecraft:time_since_rest":161265,"minecraft:waystone_activated":1,"minecraft:sprint_one_cm":347019,"minecraft:walk_one_cm":186494,"minecraft:damage_taken":2719,"minecraft:damage_absorbed":250,"minecraft:drop":18,"minecraft:damage_dealt":1678,"minecraft:fly_one_cm":708384,"minecraft:open_chest":11,"minecraft:crouch_one_cm":1824,"minecraft:play_time":278838,"minecraft:deaths":8,"minecraft:sneak_time":918,"minecraft:walk_under_water_one_cm":468,"minecraft:jump":1814,"minecraft:interact_with_brewingstand":2,"minecraft:walk_on_water_one_cm":339,"minecraft:total_world_time":278838,"minecraft:fall_one_cm":43574},"minecraft:crafted":{"minecraft:oak_planks":32},"minecraft:dropped":{"survive:filled_canteen":2,"minecraft:bread":59,"minecraft:wheat_seeds":1,"biomesoplenty:pink_daffodil":2,"relics:hunter_belt":1,"aquamirae:terrible_helmet":1,"minecraft:feather":1,"minecraft:oak_planks":26,"aquamirae:abyssal_tiara":1,"aquamirae:abyssal_leggings":1,"guardvillagers:guard_spawn_egg":1,"aquamirae:abyssal_boots":1,"eidolon:spawn_zombie_brute":2,"ice_and_fire_spellbooks:lightning_dragon_priest_chestplate":1,"minecraft:white_wool":1}},"DataVersion":3465}