{"stats":{"minecraft:used":{"minecraft:apple":2,"biomesoplenty:pink_daffodil":1,"minecraft:iron_axe":9,"minecraft:bread":4,"minecraft:torch":1,"minecraft:dirt":1,"iceandfire:copper_sword":17,"minecraft:crossbow":3,"minecraft:potato":2,"minecraft:coarse_dirt":1},"minecraft:custom":{"minecraft:time_since_rest":5817,"minecraft:damage_absorbed":149,"minecraft:waystone_activated":1,"minecraft:interact_with_furnace":3,"minecraft:sprint_one_cm":209102,"minecraft:damage_taken":1902,"minecraft:walk_one_cm":106521,"minecraft:mob_kills":5,"minecraft:drop":4,"minecraft:damage_dealt":1306,"minecraft:interact_with_crafting_table":4,"minecraft:fly_one_cm":188016,"minecraft:open_chest":11,"minecraft:crouch_one_cm":1384,"minecraft:play_time":69826,"minecraft:deaths":5,"minecraft:sneak_time":365,"minecraft:walk_under_water_one_cm":358,"minecraft:jump":895,"minecraft:damage_dealt_resisted":0,"minecraft:interact_with_brewingstand":2,"minecraft:leave_game":3,"minecraft:time_since_death":5786,"minecraft:walk_on_water_one_cm":225,"minecraft:damage_resisted":0,"minecraft:climb_one_cm":1842,"minecraft:total_world_time":69826,"minecraft:fall_one_cm":26311},"minecraft:killed_by":{"minecraft:iron_golem":1,"guardvillagers:guard":3},"minecraft:crafted":{"minecraft:oak_planks":32},"minecraft:mined":{"minecraft:coarse_dirt":1,"biomesoplenty:pink_daffodil":3,"minecraft:grass":5,"biomesoplenty:high_grass":1,"minecraft:dirt":1,"biomesoplenty:high_grass_plant":5,"minecraft:wall_torch":1},"minecraft:picked_up":{"minecraft:coarse_dirt":1,"minecraft:feather":1,"minecraft:torch":1,"survive:filled_canteen":2,"minecraft:dirt":1,"biomesoplenty:pink_daffodil":3,"epicsamurai:spirit_flame":7},"minecraft:dropped":{"survive:filled_canteen":2,"biomesoplenty:pink_daffodil":1,"minecraft:feather":1},"minecraft:killed":{"epicsamurai:onibi":3}},"DataVersion":3465}