{"stats":{"minecraft:custom":{"minecraft:jump":47,"minecraft:time_since_rest":1047,"minecraft:damage_dealt":195,"minecraft:sprint_one_cm":4501,"minecraft:play_time":1047,"minecraft:damage_taken":50,"minecraft:time_since_death":1047,"minecraft:walk_one_cm":4382,"minecraft:total_world_time":1047,"minecraft:mob_kills":1,"minecraft:drop":1,"minecraft:fall_one_cm":836,"minecraft:fly_one_cm":5230},"minecraft:dropped":{"minecraft:rotten_flesh":1},"minecraft:killed":{"minecraft:zombie":1},"minecraft:picked_up":{"minecraft:rotten_flesh":3}},"DataVersion":3465}